Gene	RefSeq	StartBaseIdx	Position	Residue	TotalPenalty	NeighborFlag	Protein	GeneCopy
ARFIP1	NM_001025593.3	49711	1	M	1.06	z	P53367	ARFIP1
ARFIP1	NM_001025595.3	49711	1	M	1.06	z	P53367	ARFIP1
ARFIP1	NM_001287431.2	49711	1	M	1.06	z	P53367	ARFIP1
ARFIP1	NM_001287432.2	49711	1	M	1.06	z	P53367	ARFIP1
ARFIP1	NM_001287433.2	49711	1	M	1.06	z	P53367	ARFIP1
ARFIP1	NM_014447.4	49711	1	M	1.06	z	P53367	ARFIP1
ARFIP1	NM_001025593.3	49783	25	R	0.96	z	P53367	ARFIP1
ARFIP1	NM_001025595.3	49783	25	R	0.96	z	P53367	ARFIP1
ARFIP1	NM_001287431.2	49783	25	R	0.96	z	P53367	ARFIP1
ARFIP1	NM_001287432.2	49783	25	R	0.96	z	P53367	ARFIP1
ARFIP1	NM_001287433.2	49783	25	R	0.96	z	P53367	ARFIP1
ARFIP1	NM_014447.4	49783	25	R	0.96	z	P53367	ARFIP1
