Position,Residue,TotalPenalty,PTMPenalty,ConPen,DisorderPen,SSPenalty,SASAPenalty,Entropy,Extension,Disorder,SecondaryStructure,SASA
15,R,0.69,0.00,0.41,0.07,0.00,0.11,0.99,0.98,0.93,C,222.96194146216197
11,R,0.70,0.00,0.63,0.05,0.00,0.01,0.62,0.99,0.95,C,247.91960991190038
1,M,1.17,0.00,1.00,0.12,0.00,0.02,0.00,1.00,0.88,C,244.84566572033924
512,L,1.42,0.00,0.53,0.04,0.00,0.30,0.78,0.26,0.96,C,174.34796931941167
523,Q,1.43,0.00,1.00,0.10,0.00,0.00,0.00,0.24,0.90,C,249.57284164232695
498,D,1.62,0.00,0.13,0.06,0.00,0.63,1.46,0.28,0.94,C,91.94078579586886
4,H,1.63,0.00,1.00,0.11,0.00,0.28,0.00,1.00,0.89,C,180.75398769959324
7,Q,1.66,0.00,1.00,0.09,0.00,0.30,0.00,0.99,0.91,C,173.6612291177948
6,Q,1.74,0.00,1.00,0.11,0.00,0.34,0.00,0.99,0.89,C,165.86768369352194
509,P,1.76,0.00,0.40,0.07,0.00,0.54,1.00,0.26,0.93,C,114.38405883539446
521,K,1.76,0.00,1.00,0.10,0.00,0.19,0.00,0.25,0.90,C,202.86860215724008
522,P,1.78,0.00,0.42,0.10,0.00,0.52,0.96,0.24,0.90,C,120.36692522600954
23,V,1.79,0.33,0.42,0.05,0.00,0.46,0.96,0.97,0.95,C,134.02534989883776
13,N,1.81,0.00,1.00,0.06,0.00,0.41,0.00,0.98,0.94,C,147.6622818780317
32,E,1.86,0.00,1.00,0.16,0.00,0.36,0.00,0.96,0.84,C,159.41467968231365
2,A,1.86,0.00,0.77,0.07,0.00,0.56,0.39,1.00,0.93,C,110.04337075657256
500,P,1.87,0.00,0.63,0.05,0.00,0.49,0.62,0.28,0.95,C,126.43682745284787
516,T,1.89,0.00,0.63,0.15,0.00,0.43,0.62,0.25,0.85,C,141.69460668102118
497,Q,1.90,0.00,1.00,0.08,0.00,0.29,0.00,0.28,0.92,C,178.1539179254562
514,P,1.90,0.00,0.63,0.07,0.00,0.49,0.62,0.26,0.93,C,126.29004807520012
510,P,1.90,0.00,0.63,0.07,0.00,0.50,0.62,0.26,0.93,C,125.13229436139196
24,P,1.92,0.33,0.47,0.05,0.00,0.51,0.89,0.97,0.95,C,123.02077070517628
501,E,1.92,0.00,1.00,0.04,0.00,0.32,0.00,0.27,0.96,C,169.11944710056008
502,E,1.93,0.00,1.00,0.04,0.00,0.33,0.00,0.27,0.96,C,167.48963027073543
499,A,1.93,0.00,0.22,0.05,0.00,0.75,1.30,0.28,0.95,C,61.79506828033062
30,A,1.95,0.00,0.77,0.11,0.00,0.57,0.39,0.96,0.89,C,106.10581346619051
5,T,1.95,0.00,0.77,0.12,0.00,0.58,0.39,0.99,0.88,C,105.08053749272004
14,P,1.95,0.00,1.00,0.06,0.00,0.48,0.00,0.98,0.94,C,129.1724929812899
513,L,2.00,0.00,1.00,0.05,0.00,0.35,0.00,0.26,0.95,C,161.68176639699382
9,S,2.00,0.00,1.00,0.05,0.00,0.52,0.00,0.99,0.95,C,119.1377630400149
10,G,2.01,0.00,0.63,0.06,0.00,0.73,0.62,0.99,0.94,C,68.26018170622038
8,P,2.07,0.00,1.00,0.07,0.00,0.55,0.00,0.99,0.93,C,113.18599070248314
511,S,2.10,0.00,0.77,0.04,0.00,0.55,0.39,0.26,0.96,C,112.54283982829455
518,K,2.11,0.00,1.00,0.17,0.00,0.34,0.00,0.25,0.83,C,165.52247938586981
27,V,2.16,0.50,0.53,0.06,0.00,0.47,0.78,0.96,0.94,C,133.2759573066517
515,A,2.17,0.00,0.63,0.11,0.00,0.62,0.62,0.25,0.89,C,96.0186945077527
507,P,2.18,0.00,1.00,0.06,0.00,0.45,0.00,0.27,0.94,C,136.07299487524637
31,S,2.21,0.00,1.00,0.13,0.00,0.58,0.00,0.96,0.87,C,105.50687064436383
520,S,2.22,0.00,0.77,0.12,0.00,0.56,0.39,0.25,0.88,C,109.06767051102997
492,F,2.24,0.00,1.00,0.14,0.00,0.44,0.00,0.29,0.86,C,140.7865507193498
508,C,2.27,0.00,1.00,0.07,0.00,0.50,0.00,0.26,0.93,C,125.28063658605738
16,P,2.28,0.25,1.00,0.06,0.00,0.47,0.00,0.98,0.94,C,131.82330718466994
33,R,2.28,0.00,1.00,0.23,0.50,0.11,0.00,0.95,0.77,T,222.5652706794106
22,P,2.28,0.50,0.63,0.05,0.00,0.49,0.62,0.97,0.95,C,127.13602015874346
12,G,2.33,0.00,1.00,0.05,0.00,0.70,0.00,0.98,0.95,C,75.51422246437974
37,K,2.33,0.00,1.00,0.54,0.00,0.37,0.00,0.95,0.46,C,158.0102133551247
506,G,2.37,0.00,0.63,0.04,0.00,0.77,0.62,0.27,0.96,C,56.78159528144728
519,P,2.44,0.00,1.00,0.14,0.00,0.54,0.00,0.25,0.86,C,115.62185575419184
28,P,2.45,0.33,1.00,0.07,0.00,0.49,0.00,0.96,0.93,C,126.90711467254697
3,G,2.46,0.00,1.00,0.08,0.00,0.75,0.00,1.00,0.92,C,61.4497027160233
17,A,2.48,0.33,0.77,0.06,0.00,0.65,0.39,0.98,0.94,C,88.06568356506698
38,K,2.51,0.00,1.00,0.55,0.00,0.46,0.00,0.95,0.45,C,133.77533077733463
517,D,2.53,0.00,1.00,0.17,0.00,0.57,0.00,0.25,0.83,C,108.01204378982402
39,E,2.53,0.00,1.00,0.54,0.00,0.48,0.00,0.94,0.46,C,129.38418334948514
417,H,2.58,0.00,0.63,0.77,0.00,0.44,0.62,0.40,0.23,C,140.9577554915994
20,P,2.65,0.50,1.00,0.06,0.00,0.48,0.00,0.97,0.94,C,129.96129546393297
504,E,2.65,0.00,1.00,0.03,0.50,0.29,0.00,0.27,0.97,T,176.400328515323
495,Y,2.66,0.00,1.00,0.13,0.00,0.68,0.00,0.28,0.87,C,80.49259872567661
18,P,2.67,0.50,1.00,0.06,0.00,0.49,0.00,0.98,0.94,C,126.90416287982441
503,E,2.74,0.00,1.00,0.03,0.50,0.34,0.00,0.27,0.97,T,165.2031745081853
36,L,2.78,0.00,1.00,0.51,0.00,0.64,0.00,0.95,0.49,C,90.63182325549167
29,G,2.81,0.25,1.00,0.09,0.00,0.75,0.00,0.96,0.91,C,63.391262425395915
224,A,2.81,0.00,0.22,0.87,0.00,0.78,1.30,0.68,0.13,C,54.140853213333266
470,R,2.82,0.00,1.00,0.44,0.50,0.12,0.00,0.32,0.56,T,220.2827627956878
155,I,2.85,0.00,1.00,0.82,0.00,0.43,0.00,0.78,0.18,C,142.30287966508027
505,N,2.87,0.00,1.00,0.04,0.50,0.41,0.00,0.27,0.96,T,148.20137699939016
218,R,2.99,0.00,0.77,0.84,0.00,0.60,0.39,0.69,0.16,C,99.54966713434699
496,P,2.99,0.00,1.00,0.10,0.00,0.88,0.00,0.28,0.90,C,30.47653391425097
34,V,3.05,0.00,1.00,0.33,0.50,0.46,0.00,0.95,0.67,T,134.72318994032946
26,T,3.09,1.00,0.77,0.05,0.00,0.47,0.39,0.96,0.95,C,132.6259552847512
473,P,3.10,0.00,1.00,0.40,0.00,0.75,0.00,0.31,0.60,C,63.03538493381352
25,G,3.11,0.50,1.00,0.06,0.00,0.74,0.00,0.97,0.94,C,65.42745727459675
157,P,3.37,0.00,1.00,0.80,0.00,0.73,0.00,0.77,0.20,C,66.60963565813732
258,M,3.38,0.00,0.42,0.84,0.00,1.00,0.96,0.63,0.16,B,0.22747176294902077
383,D,3.41,0.00,1.00,0.83,0.00,0.66,0.00,0.45,0.17,C,84.6868203832808
351,P,3.46,0.00,1.00,0.84,0.00,0.69,0.00,0.49,0.16,C,76.31885623591657
292,S,3.47,0.00,0.77,0.85,0.00,0.84,0.39,0.58,0.15,C,40.87306663738175
483,M,3.48,0.00,0.47,0.16,1.00,0.52,0.89,0.30,0.84,H,119.03688943285267
471,S,3.50,0.00,0.77,0.46,0.50,0.62,0.39,0.32,0.54,T,95.32461967629777
230,S,3.52,0.00,1.00,0.85,0.00,0.76,0.00,0.67,0.15,C,59.812223697504436
19,S,3.55,1.00,1.00,0.06,0.00,0.59,0.00,0.97,0.94,C,102.10744736604923
115,G,3.56,0.00,1.00,0.75,0.00,0.88,0.00,0.83,0.25,C,29.379013921064935
413,R,3.56,0.00,0.77,0.69,0.50,0.52,0.39,0.40,0.31,T,120.15250942167509
103,S,3.60,0.00,1.00,0.79,0.00,0.89,0.00,0.85,0.21,C,28.381696811544494
348,G,3.61,0.00,1.00,0.81,0.00,0.80,0.00,0.50,0.19,C,49.82206660417704
21,S,3.62,1.00,1.00,0.05,0.00,0.63,0.00,0.97,0.95,C,91.1017514384985
153,N,3.63,0.00,1.00,0.84,0.50,0.41,0.00,0.78,0.16,T,148.3718465238621
35,A,3.63,0.00,1.00,0.43,0.50,0.72,0.00,0.95,0.57,T,69.56311282252116
415,A,3.65,0.00,0.77,0.66,0.50,0.58,0.39,0.40,0.34,T,104.30313803361824
445,E,3.65,0.00,1.00,0.74,0.00,0.84,0.00,0.36,0.26,C,40.242347029123636
228,T,3.66,0.00,0.77,0.86,0.50,0.52,0.39,0.67,0.14,T,120.98887132739611
229,P,3.68,0.00,1.00,0.85,0.00,0.85,0.00,0.67,0.15,C,37.361774407298746
486,W,3.73,0.00,1.00,0.19,1.00,0.35,0.00,0.30,0.81,H,162.49307681545483
189,M,3.75,0.00,0.09,0.86,1.00,0.51,1.53,0.73,0.14,H,121.4157333395822
156,P,3.78,0.00,1.00,0.81,0.00,0.96,0.00,0.78,0.19,C,10.552252868082917
104,G,3.78,0.00,1.00,0.80,0.00,0.98,0.00,0.85,0.20,C,4.347048891093648
478,R,3.80,0.00,1.00,0.26,1.00,0.34,0.00,0.31,0.74,H,163.90974669850607
421,K,3.81,0.00,1.00,0.87,0.50,0.41,0.00,0.39,0.13,T,148.4385984435757
349,H,3.83,0.00,1.00,0.81,0.00,0.92,0.00,0.49,0.19,C,20.441244037030323
350,L,3.83,0.00,1.00,0.83,0.00,0.91,0.00,0.49,0.17,C,23.163655133745344
102,K,3.85,0.00,1.00,0.76,0.50,0.60,0.00,0.85,0.24,T,100.58591175375912
70,G,3.87,0.00,1.00,0.86,0.00,1.00,0.00,0.90,0.14,C,0.0
71,S,3.87,0.00,1.00,0.86,0.00,1.00,0.00,0.90,0.14,C,0.0
474,K,3.89,0.00,1.00,0.37,1.00,0.32,0.00,0.31,0.63,H,170.41341003055092
382,G,3.89,0.00,1.00,0.80,0.00,0.95,0.00,0.45,0.20,C,12.80681164717447
485,H,3.89,0.00,0.77,0.17,1.00,0.58,0.39,0.30,0.83,H,104.70909855598862
356,M,3.94,0.00,1.00,0.82,0.00,0.97,0.00,0.48,0.18,C,6.6228989329027
101,P,3.95,0.00,1.00,0.75,0.50,0.66,0.00,0.85,0.25,T,85.13387587650129
291,M,3.95,0.00,1.00,0.86,0.00,0.97,0.00,0.58,0.14,C,6.410676026397748
472,K,3.95,0.00,1.00,0.41,0.50,0.77,0.00,0.32,0.59,T,57.63200513239212
414,P,3.96,0.00,1.00,0.66,0.50,0.63,0.00,0.40,0.34,T,93.25858184374985
185,R,3.97,0.00,0.77,0.86,1.00,0.26,0.39,0.73,0.14,H,185.17803454062107
226,W,4.04,0.00,1.00,0.87,0.50,0.59,0.00,0.67,0.13,T,102.97986250340001
481,E,4.07,0.00,1.00,0.16,1.00,0.55,0.00,0.30,0.84,H,112.37999594792495
411,W,4.10,0.00,1.00,0.80,1.00,0.17,0.00,0.40,0.20,H,207.896349556767
225,F,4.11,0.00,1.00,0.88,0.50,0.63,0.00,0.67,0.12,T,93.0661572186071
490,L,4.12,0.00,1.00,0.16,1.00,0.58,0.00,0.29,0.84,H,104.84274910340534
489,E,4.14,0.00,1.00,0.18,1.00,0.58,0.00,0.29,0.82,H,105.16245698162628
418,R,4.16,0.00,0.63,0.80,0.50,0.85,0.62,0.39,0.20,T,37.75232070410598
158,T,4.16,0.00,0.42,0.80,1.00,0.60,0.96,0.77,0.20,H,99.01511921778867
154,C,4.17,0.00,1.00,0.83,0.50,0.71,0.00,0.78,0.17,T,72.20759566519973
479,L,4.17,0.00,1.00,0.23,1.00,0.56,0.00,0.31,0.77,H,109.16088574530525
152,P,4.17,0.00,1.00,0.84,0.50,0.70,0.00,0.78,0.16,T,73.79446566846195
159,T,4.19,0.00,0.42,0.81,1.00,0.61,0.96,0.77,0.19,H,96.36724119344657
494,V,4.19,0.00,1.00,0.16,0.90,0.71,0.00,0.28,0.84,E,72.47458335541383
260,D,4.21,0.00,1.00,0.85,0.50,0.69,0.00,0.62,0.15,T,78.02558257430108
416,L,4.27,0.00,1.00,0.72,0.50,0.75,0.00,0.40,0.28,T,61.14626344334616
151,F,4.27,0.00,1.00,0.85,0.50,0.76,0.00,0.78,0.15,T,59.445979351369914
150,V,4.28,0.00,1.00,0.84,0.70,0.59,0.00,0.78,0.16,G,101.24507908432594
259,V,4.32,0.00,1.00,0.84,0.50,0.76,0.00,0.63,0.16,T,60.83610884887356
227,M,4.34,0.00,1.00,0.87,0.50,0.76,0.00,0.67,0.13,T,59.82513128240228
300,N,4.36,0.00,1.00,0.86,0.50,0.75,0.00,0.57,0.14,T,61.858019787034976
298,S,4.38,0.00,0.40,0.85,1.00,0.66,1.00,0.57,0.15,H,85.71158903529552
412,R,4.39,0.00,1.00,0.76,1.00,0.35,0.00,0.40,0.24,H,161.5083507354289
482,S,4.39,0.00,1.00,0.16,1.00,0.73,0.00,0.30,0.84,H,67.20597061936921
477,H,4.40,0.00,1.00,0.28,1.00,0.66,0.00,0.31,0.72,H,85.08186636405478
475,C,4.44,0.00,1.00,0.33,1.00,0.65,0.00,0.31,0.67,H,87.63857786818329
480,T,4.44,0.00,1.00,0.19,1.00,0.74,0.00,0.30,0.81,H,65.46695779026575
100,I,4.47,0.00,1.00,0.74,0.50,0.96,0.00,0.86,0.26,T,10.677052582537499
215,E,4.47,0.00,1.00,0.85,0.70,0.67,0.00,0.69,0.15,G,82.23863839672177
419,P,4.49,0.00,1.00,0.84,0.50,0.80,0.00,0.39,0.16,T,51.01999921804909
488,Q,4.50,0.00,1.00,0.19,1.00,0.77,0.00,0.29,0.81,H,57.319856252852865
262,R,4.52,0.00,1.00,0.87,1.00,0.40,0.00,0.62,0.13,H,148.69926362929877
149,P,4.57,0.00,1.00,0.86,0.70,0.74,0.00,0.79,0.14,G,64.85848756619114
447,M,4.58,0.00,1.00,0.81,1.00,0.41,0.00,0.35,0.19,H,146.61824948985725
476,V,4.64,0.00,1.00,0.32,1.00,0.77,0.00,0.31,0.68,H,57.86139588190311
493,V,4.68,0.00,1.00,0.15,0.90,0.98,0.00,0.29,0.85,E,4.654366480190897
346,R,4.69,0.00,1.00,0.83,1.00,0.50,0.00,0.50,0.17,H,124.60539894977454
420,I,4.70,0.00,1.00,0.90,0.50,0.88,0.00,0.39,0.10,T,30.2451448777031
484,T,4.71,0.00,1.00,0.16,1.00,0.91,0.00,0.30,0.84,H,22.72546970123608
67,E,4.71,0.00,1.00,0.76,1.00,0.65,0.00,0.90,0.24,H,88.59590450258207
216,E,4.71,0.00,1.00,0.85,0.70,0.80,0.00,0.69,0.15,G,48.98723728921418
263,K,4.72,0.00,1.00,0.87,1.00,0.51,0.00,0.62,0.13,H,121.8705167063249
256,E,4.72,0.00,1.00,0.86,0.70,0.79,0.00,0.63,0.14,G,52.95444465691267
299,S,4.73,0.00,1.00,0.86,0.50,0.96,0.00,0.57,0.14,T,9.757391831246089
491,C,4.75,0.00,1.00,0.14,1.00,0.94,0.00,0.29,0.86,H,14.265868568774016
352,S,4.77,0.00,1.00,0.83,0.70,0.80,0.00,0.49,0.17,G,49.95194716670896
217,L,4.78,0.00,1.00,0.84,0.70,0.85,0.00,0.69,0.16,G,38.387628159736074
219,P,4.79,0.00,1.00,0.85,1.00,0.58,0.00,0.68,0.15,H,103.8702512374655
257,E,4.80,0.00,1.00,0.85,0.70,0.84,0.00,0.63,0.15,G,39.508136910277926
301,A,4.81,0.00,1.00,0.86,0.50,1.00,0.00,0.56,0.14,T,0.0
294,Q,4.81,0.00,1.00,0.87,1.00,0.56,0.00,0.57,0.13,H,110.82229252447539
114,F,4.83,0.00,1.00,0.76,1.00,0.70,0.00,0.84,0.24,H,75.22470949442747
188,D,4.86,0.00,1.00,0.85,1.00,0.63,0.00,0.73,0.15,H,92.7905338241752
261,A,4.86,0.00,0.42,0.86,1.00,0.92,0.96,0.62,0.14,H,20.352240404104954
146,V,4.86,0.00,0.77,0.82,1.00,0.79,0.39,0.79,0.18,H,52.42214046885158
111,T,4.87,0.00,0.63,0.83,1.00,0.88,0.62,0.84,0.17,H,29.766348876385457
487,G,4.87,0.00,1.00,0.19,1.00,0.98,0.00,0.29,0.81,H,4.672493350579771
353,L,4.88,0.00,1.00,0.82,0.70,0.87,0.00,0.49,0.18,G,32.594920901553344
223,F,4.89,0.00,1.00,0.87,1.00,0.62,0.00,0.68,0.13,H,93.9978236044268
339,R,4.90,0.00,1.00,0.87,1.00,0.59,0.00,0.51,0.13,H,103.0389186206836
347,E,4.91,0.00,1.00,0.81,1.00,0.63,0.00,0.50,0.19,H,91.58960720075623
148,Q,4.91,0.00,1.00,0.85,0.70,0.94,0.00,0.79,0.15,G,16.11434875555852
220,S,4.91,0.00,1.00,0.85,1.00,0.65,0.00,0.68,0.15,H,88.13545076747434
162,R,4.92,0.00,1.00,0.82,1.00,0.69,0.00,0.77,0.18,H,77.48388460075125
231,V,4.92,0.00,1.00,0.85,1.00,0.65,0.00,0.67,0.15,H,86.69310669114766
63,K,4.93,0.00,1.00,0.60,1.00,0.87,0.00,0.91,0.40,H,32.376267158925856
309,K,4.94,0.00,1.00,0.85,1.00,0.63,0.00,0.55,0.15,H,91.24621148336557
308,E,4.94,0.00,1.00,0.81,1.00,0.66,0.00,0.55,0.19,H,83.89578954079637
354,L,4.99,0.00,1.00,0.82,0.70,0.93,0.00,0.49,0.18,G,17.15731729661063
112,E,5.02,0.00,1.00,0.81,1.00,0.77,0.00,0.84,0.19,H,57.981754003005484
385,Y,5.06,0.00,1.00,0.79,1.00,0.72,0.00,0.44,0.21,H,70.28182535339832
233,H,5.08,0.00,1.00,0.86,1.00,0.73,0.00,0.66,0.14,H,67.75466965901091
184,T,5.10,0.00,1.00,0.87,1.00,0.75,0.00,0.73,0.13,H,62.715532777375586
446,P,5.10,0.00,1.00,0.78,1.00,0.72,0.00,0.35,0.22,H,68.68865612011643
355,A,5.11,0.00,1.00,0.83,0.70,1.00,0.00,0.49,0.17,G,1.0812045518964961
62,P,5.11,0.00,1.00,0.58,1.00,0.99,0.00,0.91,0.42,H,2.784161313614979
64,G,5.12,0.00,1.00,0.58,1.00,1.00,0.00,0.91,0.42,H,1.133043877464874
144,N,5.12,0.00,1.00,0.79,1.00,0.83,0.00,0.79,0.21,H,42.52282344967234
386,T,5.13,0.00,1.00,0.73,1.00,0.79,0.00,0.44,0.27,H,51.49856625379718
342,F,5.13,0.00,1.00,0.85,1.00,0.73,0.00,0.51,0.15,H,68.06061751402534
221,N,5.14,0.00,1.00,0.86,1.00,0.77,0.00,0.68,0.14,H,58.60719689351024
68,H,5.14,0.00,1.00,0.77,1.00,0.87,0.00,0.90,0.23,H,31.536279151716972
61,S,5.14,0.00,1.00,0.59,1.00,1.00,0.00,0.91,0.41,H,0.0
337,Y,5.16,0.00,0.53,0.86,1.00,1.00,0.78,0.51,0.14,H,0.09398476615072868
116,G,5.17,0.00,1.00,0.75,1.00,0.89,0.00,0.83,0.25,H,28.016364952933163
65,V,5.19,0.00,1.00,0.63,1.00,1.00,0.00,0.91,0.37,H,0.20976416992269528
160,A,5.19,0.00,1.00,0.81,1.00,0.85,0.00,0.77,0.19,H,37.47019092852293
295,E,5.23,0.00,1.00,0.87,1.00,0.79,0.00,0.57,0.13,H,52.83086729893604
192,G,5.25,0.00,1.00,0.86,1.00,0.84,0.00,0.72,0.14,H,40.83214434313381
186,I,5.26,0.00,1.00,0.84,1.00,0.85,0.00,0.73,0.16,H,36.767067352472026
113,I,5.27,0.00,1.00,0.77,1.00,0.93,0.00,0.84,0.23,H,16.629826308254604
99,A,5.27,0.00,1.00,0.75,1.00,0.95,0.00,0.86,0.25,H,11.650498977079561
297,L,5.29,0.00,1.00,0.85,1.00,0.83,0.00,0.57,0.15,H,42.43354225633358
66,L,5.29,0.00,1.00,0.71,1.00,1.00,0.00,0.91,0.29,H,0.26622606425122675
98,V,5.29,0.00,1.00,0.79,1.00,0.94,0.00,0.86,0.21,H,15.065229637612042
187,Q,5.33,0.00,1.00,0.84,1.00,0.89,0.00,0.73,0.16,H,26.931187436142434
147,L,5.36,0.00,1.00,0.85,1.00,0.92,0.00,0.79,0.15,H,21.01370011359567
161,S,5.39,0.00,1.00,0.82,1.00,0.96,0.00,0.77,0.18,H,11.046047683555429
106,D,5.40,0.00,1.00,0.79,1.00,1.00,0.00,0.85,0.21,H,0.854929977228901
305,T,5.42,0.00,1.00,0.82,1.00,0.92,0.00,0.56,0.18,H,19.089404468679568
190,F,5.42,0.00,1.00,0.86,1.00,0.93,0.00,0.73,0.14,H,16.9451006371773
107,Y,5.42,0.00,1.00,0.81,1.00,0.99,0.00,0.85,0.19,H,1.9706271041024617
145,Y,5.43,0.00,1.00,0.80,1.00,0.99,0.00,0.79,0.20,H,2.4994252021238044
108,A,5.43,0.00,1.00,0.86,1.00,0.96,0.00,0.84,0.14,H,9.227919658909737
193,G,5.43,0.00,1.00,0.86,1.00,0.94,0.00,0.72,0.14,H,15.14698157671003
266,P,5.43,0.00,1.00,0.87,1.00,0.91,0.00,0.62,0.13,H,22.519932433196104
97,G,5.43,0.00,1.00,0.82,1.00,1.00,0.00,0.86,0.18,H,0.2608332244858424
105,G,5.44,0.00,1.00,0.82,1.00,1.00,0.00,0.85,0.18,H,0.0
191,T,5.45,0.00,1.00,0.87,1.00,0.95,0.00,0.72,0.13,H,13.594491463757553
69,S,5.46,0.00,1.00,0.85,1.00,1.00,0.00,0.90,0.15,H,0.0
264,N,5.46,0.00,1.00,0.87,1.00,0.93,0.00,0.62,0.13,H,17.95683430316252
110,V,5.48,0.00,1.00,0.85,1.00,1.00,0.00,0.84,0.15,H,0.6194243434611886
384,T,5.49,0.00,1.00,0.82,1.00,0.93,0.00,0.44,0.18,H,16.630587618897493
109,Y,5.49,0.00,1.00,0.86,1.00,1.00,0.00,0.84,0.14,H,0.5986006424048387
232,G,5.51,0.00,1.00,0.86,1.00,0.97,0.00,0.66,0.14,H,6.720691352114786
307,G,5.52,0.00,1.00,0.78,1.00,1.00,0.00,0.56,0.22,H,0.0
194,K,5.53,0.00,1.00,0.86,1.00,0.99,0.00,0.72,0.14,H,2.541983178064438
222,A,5.53,0.00,1.00,0.86,1.00,0.98,0.00,0.68,0.14,H,5.275858539788617
306,F,5.53,0.00,1.00,0.79,1.00,1.00,0.00,0.56,0.21,H,0.0
293,P,5.54,0.00,1.00,0.86,1.00,0.97,0.00,0.58,0.14,H,7.627901891334393
338,S,5.55,0.00,1.00,0.87,1.00,0.95,0.00,0.51,0.13,H,12.48992153661263
345,A,5.56,0.00,1.00,0.85,1.00,0.97,0.00,0.50,0.15,H,7.792771763304775
343,S,5.56,0.00,1.00,0.86,1.00,0.96,0.00,0.50,0.14,H,10.48592602142723
448,V,5.56,0.00,1.00,0.84,1.00,0.94,0.00,0.35,0.16,H,15.567155887499892
304,V,5.58,0.00,1.00,0.85,1.00,0.99,0.00,0.56,0.15,H,2.826129788409975
265,L,5.60,0.00,1.00,0.87,1.00,1.00,0.00,0.62,0.13,H,0.0
302,V,5.60,0.00,1.00,0.87,1.00,0.99,0.00,0.56,0.13,H,3.2732455989180904
296,L,5.60,0.00,1.00,0.86,1.00,1.00,0.00,0.57,0.14,H,0.18218496205494275
449,C,5.63,0.00,1.00,0.82,1.00,0.99,0.00,0.35,0.18,H,2.1090486649463314
341,C,5.63,0.00,1.00,0.86,1.00,1.00,0.00,0.51,0.14,H,0.4091642782275332
344,G,5.63,0.00,1.00,0.86,1.00,1.00,0.00,0.50,0.14,H,0.0
303,A,5.63,0.00,1.00,0.88,1.00,1.00,0.00,0.56,0.12,H,0.0
340,L,5.63,0.00,1.00,0.87,1.00,1.00,0.00,0.51,0.13,H,0.8962367866514496
